{
  "project_info": {
    "project_number": "234633570063",
    "project_id": "rebeldeway-c1530",
    "storage_bucket": "rebeldeway-c1530.appspot.com"
  },
  "client": [
    {
      "client_info": {
        "mobilesdk_app_id": "1:234633570063:android:a712b2ebe22be98146407a",
        "android_client_info": {
          "package_name": "com.example.feli"
        }
      },
      "oauth_client": [],
      "api_key": [
        {
          "current_key": "AIzaSyAOSdkP5WeSe_kqHqNUvoJDSLSpCefDkjk"
        }
      ],
      "services": {
        "appinvite_service": {
          "other_platform_oauth_client": []
        }
      }
    }
  ],
  "configuration_version": "1"
}